Assignment,Attendence,Book,Course,Feedback,Lecture,Manual,Page,Project,Questionnaire,Quiz,Source,Study_material,Survey,Test,URL
1350.0,10.0,10.0,620.0,0.0,400.0,150.0,10.0,0.0,10.0,2100.0,0.0,110.0,40.0,2150.0,20.0
47250.0,350.0,350.0,21700.0,0.0,14000.0,5250.0,350.0,0.0,350.0,73500.0,0.0,3850.0,1400.0,75250.0,700.0
42795.0,317.0,317.0,19654.0,0.0,12680.0,4755.0,317.0,0.0,317.0,66570.0,0.0,3487.0,1268.0,68155.0,634.0
6885.0,51.0,51.0,3162.0,0.0,2040.0,765.0,51.0,0.0,51.0,10710.0,0.0,561.0,204.0,10965.0,102.0
3458.0,0.0,28.0,924.0,0.0,518.0,140.0,0.0,0.0,0.0,2072.0,14.0,182.0,56.0,3906.0,14.0
74100.0,0.0,600.0,19800.0,0.0,11100.0,3000.0,0.0,0.0,0.0,44400.0,300.0,3900.0,1200.0,83700.0,300.0
119548.0,0.0,968.0,31944.0,0.0,17908.0,4840.0,0.0,0.0,0.0,71632.0,484.0,6292.0,1936.0,135036.0,484.0
7163.0,0.0,58.0,1914.0,0.0,1073.0,290.0,0.0,0.0,0.0,4292.0,29.0,377.0,116.0,8091.0,29.0
110.0,0.0,0.0,95.0,0.0,0.0,50.0,0.0,0.0,5.0,625.0,0.0,10.0,20.0,0.0,10.0
3982.0,0.0,0.0,3439.0,0.0,0.0,1810.0,0.0,0.0,181.0,22625.0,0.0,362.0,724.0,0.0,362.0
2502.0,45.0,27.0,603.0,0.0,288.0,117.0,0.0,0.0,9.0,1161.0,0.0,216.0,81.0,0.0,27.0
84234.0,1515.0,909.0,20301.0,0.0,9696.0,3939.0,0.0,0.0,303.0,39087.0,0.0,7272.0,2727.0,0.0,909.0
23074.0,415.0,249.0,5561.0,0.0,2656.0,1079.0,0.0,0.0,83.0,10707.0,0.0,1992.0,747.0,0.0,249.0
51986.0,935.0,561.0,12529.0,0.0,5984.0,2431.0,0.0,0.0,187.0,24123.0,0.0,4488.0,1683.0,0.0,561.0
6192.0,16.0,64.0,3520.0,0.0,1184.0,352.0,32.0,0.0,0.0,3200.0,0.0,736.0,144.0,3952.0,16.0
174924.0,452.0,1808.0,99440.0,0.0,33448.0,9944.0,904.0,0.0,0.0,90400.0,0.0,20792.0,4068.0,111644.0,452.0
276318.0,714.0,2856.0,157080.0,0.0,52836.0,15708.0,1428.0,0.0,0.0,142800.0,0.0,32844.0,6426.0,176358.0,714.0
24381.0,63.0,252.0,13860.0,0.0,4662.0,1386.0,126.0,0.0,0.0,12600.0,0.0,2898.0,567.0,15561.0,63.0
5600.0,84.0,0.0,3108.0,0.0,1344.0,364.0,28.0,0.0,28.0,2128.0,0.0,112.0,252.0,11424.0,84.0
54400.0,816.0,0.0,30192.0,0.0,13056.0,3536.0,272.0,0.0,272.0,20672.0,0.0,1088.0,2448.0,110976.0,816.0
103000.0,1545.0,0.0,57165.0,0.0,24720.0,6695.0,515.0,0.0,515.0,39140.0,0.0,2060.0,4635.0,210120.0,1545.0
19000.0,285.0,0.0,10545.0,0.0,4560.0,1235.0,95.0,0.0,95.0,7220.0,0.0,380.0,855.0,38760.0,285.0
2376.0,24.0,48.0,1548.0,0.0,672.0,288.0,0.0,0.0,0.0,888.0,0.0,144.0,120.0,3696.0,12.0
69102.0,698.0,1396.0,45021.0,0.0,19544.0,8376.0,0.0,0.0,0.0,25826.0,0.0,4188.0,3490.0,107492.0,349.0
84744.0,856.0,1712.0,55212.0,0.0,23968.0,10272.0,0.0,0.0,0.0,31672.0,0.0,5136.0,4280.0,131824.0,428.0
8316.0,84.0,168.0,5418.0,0.0,2352.0,1008.0,0.0,0.0,0.0,3108.0,0.0,504.0,420.0,12936.0,42.0
50400.0,720.0,720.0,15120.0,0.0,6840.0,3600.0,0.0,0.0,0.0,69120.0,0.0,3240.0,2160.0,167760.0,1440.0
71960.0,1028.0,1028.0,21588.0,0.0,9766.0,5140.0,0.0,0.0,0.0,98688.0,0.0,4626.0,3084.0,239524.0,2056.0
2940.0,42.0,42.0,882.0,0.0,399.0,210.0,0.0,0.0,0.0,4032.0,0.0,189.0,126.0,9786.0,84.0
8360.0,40.0,120.0,3140.0,0.0,1320.0,460.0,80.0,0.0,0.0,3080.0,0.0,940.0,200.0,6760.0,20.0
190190.0,910.0,2730.0,71435.0,0.0,30030.0,10465.0,1820.0,0.0,0.0,70070.0,0.0,21385.0,4550.0,153790.0,455.0
260414.0,1246.0,3738.0,97811.0,0.0,41118.0,14329.0,2492.0,0.0,0.0,95942.0,0.0,29281.0,6230.0,210574.0,623.0
79838.0,382.0,1146.0,29987.0,0.0,12606.0,4393.0,764.0,0.0,0.0,29414.0,0.0,8977.0,1910.0,64558.0,191.0
66.0,2.0,0.0,18.0,2.0,24.0,0.0,0.0,0.0,2.0,0.0,8.0,0.0,16.0,0.0,0.0
2145.0,65.0,0.0,585.0,65.0,780.0,0.0,0.0,0.0,65.0,0.0,260.0,0.0,520.0,0.0,0.0
99.0,3.0,0.0,27.0,3.0,36.0,0.0,0.0,0.0,3.0,0.0,12.0,0.0,24.0,0.0,0.0
99.0,3.0,0.0,27.0,3.0,36.0,0.0,0.0,0.0,3.0,0.0,12.0,0.0,24.0,0.0,0.0
705516.0,27240.0,9988.0,417680.0,0.0,88984.0,19068.0,2724.0,3632.0,0.0,159808.0,0.0,21792.0,17252.0,325064.0,1816.0
733488.0,28320.0,10384.0,434240.0,0.0,92512.0,19824.0,2832.0,3776.0,0.0,166144.0,0.0,22656.0,17936.0,337952.0,1888.0
159285.0,6150.0,2255.0,94300.0,0.0,20090.0,4305.0,615.0,820.0,0.0,36080.0,0.0,4920.0,3895.0,73390.0,410.0
8400.0,192.0,144.0,4152.0,0.0,1536.0,360.0,144.0,0.0,24.0,4392.0,0.0,864.0,168.0,5520.0,48.0
165550.0,3784.0,2838.0,81829.0,0.0,30272.0,7095.0,2838.0,0.0,473.0,86559.0,0.0,17028.0,3311.0,108790.0,946.0
153300.0,3504.0,2628.0,75774.0,0.0,28032.0,6570.0,2628.0,0.0,438.0,80154.0,0.0,15768.0,3066.0,100740.0,876.0
75600.0,1728.0,1296.0,37368.0,0.0,13824.0,3240.0,1296.0,0.0,216.0,39528.0,0.0,7776.0,1512.0,49680.0,432.0
187.0,2.0,3.0,77.0,1.0,14.0,5.0,0.0,0.0,0.0,186.0,4.0,9.0,13.0,150.0,1.0
33660.0,360.0,540.0,13860.0,180.0,2520.0,900.0,0.0,0.0,0.0,33480.0,720.0,1620.0,2340.0,27000.0,180.0
78914.0,844.0,1266.0,32494.0,422.0,5908.0,2110.0,0.0,0.0,0.0,78492.0,1688.0,3798.0,5486.0,63300.0,422.0
14025.0,150.0,225.0,5775.0,75.0,1050.0,375.0,0.0,0.0,0.0,13950.0,300.0,675.0,975.0,11250.0,75.0
8802.0,27.0,108.0,5535.0,0.0,594.0,702.0,54.0,0.0,27.0,4347.0,0.0,1134.0,324.0,14445.0,81.0
106928.0,328.0,1312.0,67240.0,0.0,7216.0,8528.0,656.0,0.0,328.0,52808.0,0.0,13776.0,3936.0,175480.0,984.0
294052.0,902.0,3608.0,184910.0,0.0,19844.0,23452.0,1804.0,0.0,902.0,145222.0,0.0,37884.0,10824.0,482570.0,2706.0
34556.0,106.0,424.0,21730.0,0.0,2332.0,2756.0,212.0,0.0,106.0,17066.0,0.0,4452.0,1272.0,56710.0,318.0
1848.0,6.0,54.0,1014.0,0.0,900.0,174.0,18.0,0.0,6.0,516.0,0.0,162.0,66.0,2382.0,12.0
148764.0,483.0,4347.0,81627.0,0.0,72450.0,14007.0,1449.0,0.0,483.0,41538.0,0.0,13041.0,5313.0,191751.0,966.0
190036.0,617.0,5553.0,104273.0,0.0,92550.0,17893.0,1851.0,0.0,617.0,53062.0,0.0,16659.0,6787.0,244949.0,1234.0
46200.0,150.0,1350.0,25350.0,0.0,22500.0,4350.0,450.0,0.0,150.0,12900.0,0.0,4050.0,1650.0,59550.0,300.0
2167.0,0.0,22.0,913.0,0.0,836.0,231.0,44.0,0.0,11.0,3696.0,0.0,110.0,55.0,4939.0,11.0
86483.0,0.0,878.0,36437.0,0.0,33364.0,9219.0,1756.0,0.0,439.0,147504.0,0.0,4390.0,2195.0,197111.0,439.0
131202.0,0.0,1332.0,55278.0,0.0,50616.0,13986.0,2664.0,0.0,666.0,223776.0,0.0,6660.0,3330.0,299034.0,666.0
18321.0,0.0,186.0,7719.0,0.0,7068.0,1953.0,372.0,0.0,93.0,31248.0,0.0,930.0,465.0,41757.0,93.0
1698.0,6.0,30.0,612.0,0.0,366.0,96.0,0.0,0.0,0.0,588.0,0.0,198.0,102.0,1674.0,24.0
83485.0,295.0,1475.0,30090.0,0.0,17995.0,4720.0,0.0,0.0,0.0,28910.0,0.0,9735.0,5015.0,82305.0,1180.0
149141.0,527.0,2635.0,53754.0,0.0,32147.0,8432.0,0.0,0.0,0.0,51646.0,0.0,17391.0,8959.0,147033.0,2108.0
27451.0,97.0,485.0,9894.0,0.0,5917.0,1552.0,0.0,0.0,0.0,9506.0,0.0,3201.0,1649.0,27063.0,388.0
3230.0,10.0,50.0,1170.0,0.0,770.0,300.0,30.0,0.0,0.0,1150.0,0.0,250.0,110.0,2360.0,10.0
120802.0,374.0,1870.0,43758.0,0.0,28798.0,11220.0,1122.0,0.0,0.0,43010.0,0.0,9350.0,4114.0,88264.0,374.0
160854.0,498.0,2490.0,58266.0,0.0,38346.0,14940.0,1494.0,0.0,0.0,57270.0,0.0,12450.0,5478.0,117528.0,498.0
32623.0,101.0,505.0,11817.0,0.0,7777.0,3030.0,303.0,0.0,0.0,11615.0,0.0,2525.0,1111.0,23836.0,101.0
32612.0,124.0,558.0,14694.0,0.0,4464.0,3348.0,744.0,0.0,62.0,18786.0,62.0,4092.0,434.0,21824.0,248.0
340848.0,1296.0,5832.0,153576.0,0.0,46656.0,34992.0,7776.0,0.0,648.0,196344.0,648.0,42768.0,4536.0,228096.0,2592.0
335588.0,1276.0,5742.0,151206.0,0.0,45936.0,34452.0,7656.0,0.0,638.0,193314.0,638.0,42108.0,4466.0,224576.0,2552.0
189886.0,722.0,3249.0,85557.0,0.0,25992.0,19494.0,4332.0,0.0,361.0,109383.0,361.0,23826.0,2527.0,127072.0,1444.0
765.0,5.0,0.0,235.0,0.0,15.0,5.0,0.0,0.0,0.0,460.0,0.0,55.0,40.0,1070.0,5.0
21420.0,140.0,0.0,6580.0,0.0,420.0,140.0,0.0,0.0,0.0,12880.0,0.0,1540.0,1120.0,29960.0,140.0
55539.0,363.0,0.0,17061.0,0.0,1089.0,363.0,0.0,0.0,0.0,33396.0,0.0,3993.0,2904.0,77682.0,363.0
4131.0,27.0,0.0,1269.0,0.0,81.0,27.0,0.0,0.0,0.0,2484.0,0.0,297.0,216.0,5778.0,27.0
14877.0,1711.0,290.0,9483.0,0.0,2639.0,406.0,116.0,0.0,29.0,2088.0,0.0,870.0,348.0,6467.0,58.0
229311.0,26373.0,4470.0,146169.0,0.0,40677.0,6258.0,1788.0,0.0,447.0,32184.0,0.0,13410.0,5364.0,99681.0,894.0
305748.0,35164.0,5960.0,194892.0,0.0,54236.0,8344.0,2384.0,0.0,596.0,42912.0,0.0,17880.0,7152.0,132908.0,1192.0
207252.0,23836.0,4040.0,132108.0,0.0,36764.0,5656.0,1616.0,0.0,404.0,29088.0,0.0,12120.0,4848.0,90092.0,808.0
2620.0,10.0,20.0,360.0,20.0,520.0,150.0,20.0,0.0,10.0,60.0,70.0,130.0,110.0,2430.0,40.0
74408.0,284.0,568.0,10224.0,568.0,14768.0,4260.0,568.0,0.0,284.0,1704.0,1988.0,3692.0,3124.0,69012.0,1136.0
77552.0,296.0,592.0,10656.0,592.0,15392.0,4440.0,592.0,0.0,296.0,1776.0,2072.0,3848.0,3256.0,71928.0,1184.0
22532.0,86.0,172.0,3096.0,172.0,4472.0,1290.0,172.0,0.0,86.0,516.0,602.0,1118.0,946.0,20898.0,344.0
2790.0,252.0,99.0,1278.0,0.0,738.0,198.0,0.0,0.0,9.0,756.0,0.0,378.0,81.0,3258.0,9.0
140740.0,12712.0,4994.0,64468.0,0.0,37228.0,9988.0,0.0,0.0,454.0,38136.0,0.0,19068.0,4086.0,164348.0,454.0
169260.0,15288.0,6006.0,77532.0,0.0,44772.0,12012.0,0.0,0.0,546.0,45864.0,0.0,22932.0,4914.0,197652.0,546.0
35030.0,3164.0,1243.0,16046.0,0.0,9266.0,2486.0,0.0,0.0,113.0,9492.0,0.0,4746.0,1017.0,40906.0,113.0
1696.0,0.0,16.0,840.0,0.0,104.0,128.0,0.0,0.0,8.0,616.0,0.0,192.0,88.0,2592.0,32.0
62328.0,0.0,588.0,30870.0,0.0,3822.0,4704.0,0.0,0.0,294.0,22638.0,0.0,7056.0,3234.0,95256.0,1176.0
89464.0,0.0,844.0,44310.0,0.0,5486.0,6752.0,0.0,0.0,422.0,32494.0,0.0,10128.0,4642.0,136728.0,1688.0
22896.0,0.0,216.0,11340.0,0.0,1404.0,1728.0,0.0,0.0,108.0,8316.0,0.0,2592.0,1188.0,34992.0,432.0
93732.0,0.0,321.0,43656.0,0.0,14766.0,3531.0,0.0,0.0,0.0,40767.0,0.0,2568.0,1926.0,166599.0,642.0
184252.0,0.0,631.0,85816.0,0.0,29026.0,6941.0,0.0,0.0,0.0,80137.0,0.0,5048.0,3786.0,327489.0,1262.0
68912.0,0.0,236.0,32096.0,0.0,10856.0,2596.0,0.0,0.0,0.0,29972.0,0.0,1888.0,1416.0,122484.0,472.0
144336.0,372.0,372.0,57660.0,0.0,23808.0,2604.0,0.0,0.0,0.0,61380.0,0.0,3720.0,3348.0,149172.0,744.0
190508.0,491.0,491.0,76105.0,0.0,31424.0,3437.0,0.0,0.0,0.0,81015.0,0.0,4910.0,4419.0,196891.0,982.0
142008.0,366.0,366.0,56730.0,0.0,23424.0,2562.0,0.0,0.0,0.0,60390.0,0.0,3660.0,3294.0,146766.0,732.0
3471.0,221.0,52.0,793.0,0.0,702.0,221.0,0.0,0.0,0.0,494.0,0.0,52.0,182.0,1911.0,13.0
121752.0,7752.0,1824.0,27816.0,0.0,24624.0,7752.0,0.0,0.0,0.0,17328.0,0.0,1824.0,6384.0,67032.0,456.0
42453.0,2703.0,636.0,9699.0,0.0,8586.0,2703.0,0.0,0.0,0.0,6042.0,0.0,636.0,2226.0,23373.0,159.0
835.0,55.0,10.0,460.0,0.0,330.0,85.0,0.0,0.0,5.0,895.0,0.0,55.0,35.0,1185.0,0.0
65631.0,4323.0,786.0,36156.0,0.0,25938.0,6681.0,0.0,0.0,393.0,70347.0,0.0,4323.0,2751.0,93141.0,0.0
17535.0,1155.0,210.0,9660.0,0.0,6930.0,1785.0,0.0,0.0,105.0,18795.0,0.0,1155.0,735.0,24885.0,0.0
51770.0,3410.0,620.0,28520.0,0.0,20460.0,5270.0,0.0,0.0,310.0,55490.0,0.0,3410.0,2170.0,73470.0,0.0
8289.0,0.0,0.0,2403.0,0.0,1080.0,783.0,27.0,0.0,0.0,810.0,0.0,378.0,216.0,7182.0,27.0
95170.0,0.0,0.0,27590.0,0.0,12400.0,8990.0,310.0,0.0,0.0,9300.0,0.0,4340.0,2480.0,82460.0,310.0
122186.0,0.0,0.0,35422.0,0.0,15920.0,11542.0,398.0,0.0,0.0,11940.0,0.0,5572.0,3184.0,105868.0,398.0
20876.0,0.0,0.0,6052.0,0.0,2720.0,1972.0,68.0,0.0,0.0,2040.0,0.0,952.0,544.0,18088.0,68.0
3384.0,9.0,27.0,1431.0,0.0,576.0,171.0,9.0,0.0,0.0,486.0,0.0,189.0,72.0,1332.0,0.0
169952.0,452.0,1356.0,71868.0,0.0,28928.0,8588.0,452.0,0.0,0.0,24408.0,0.0,9492.0,3616.0,66896.0,0.0
145136.0,386.0,1158.0,61374.0,0.0,24704.0,7334.0,386.0,0.0,0.0,20844.0,0.0,8106.0,3088.0,57128.0,0.0
17296.0,46.0,138.0,7314.0,0.0,2944.0,874.0,46.0,0.0,0.0,2484.0,0.0,966.0,368.0,6808.0,0.0
11803.0,29.0,58.0,5539.0,0.0,812.0,464.0,116.0,58.0,29.0,5220.0,0.0,841.0,319.0,12963.0,0.0
199023.0,489.0,978.0,93399.0,0.0,13692.0,7824.0,1956.0,978.0,489.0,88020.0,0.0,14181.0,5379.0,218583.0,0.0
238095.0,585.0,1170.0,111735.0,0.0,16380.0,9360.0,2340.0,1170.0,585.0,105300.0,0.0,16965.0,6435.0,261495.0,0.0
107448.0,264.0,528.0,50424.0,0.0,7392.0,4224.0,1056.0,528.0,264.0,47520.0,0.0,7656.0,2904.0,118008.0,0.0
2717.0,104.0,0.0,1547.0,0.0,156.0,156.0,13.0,0.0,0.0,2353.0,0.0,117.0,117.0,2730.0,13.0
13585.0,520.0,0.0,7735.0,0.0,780.0,780.0,65.0,0.0,0.0,11765.0,0.0,585.0,585.0,13650.0,65.0
119757.0,4584.0,0.0,68187.0,0.0,6876.0,6876.0,573.0,0.0,0.0,103713.0,0.0,5157.0,5157.0,120330.0,573.0
30096.0,1152.0,0.0,17136.0,0.0,1728.0,1728.0,144.0,0.0,0.0,26064.0,0.0,1296.0,1296.0,30240.0,144.0
564.0,0.0,9.0,231.0,6.0,174.0,6.0,9.0,0.0,3.0,738.0,15.0,12.0,15.0,906.0,0.0
69936.0,0.0,1116.0,28644.0,744.0,21576.0,744.0,1116.0,0.0,372.0,91512.0,1860.0,1488.0,1860.0,112344.0,0.0
83848.0,0.0,1338.0,34342.0,892.0,25868.0,892.0,1338.0,0.0,446.0,109716.0,2230.0,1784.0,2230.0,134692.0,0.0
20868.0,0.0,333.0,8547.0,222.0,6438.0,222.0,333.0,0.0,111.0,27306.0,555.0,444.0,555.0,33522.0,0.0
2096.0,0.0,72.0,1304.0,0.0,768.0,144.0,72.0,0.0,8.0,1872.0,0.0,240.0,80.0,1736.0,0.0
104538.0,0.0,3591.0,65037.0,0.0,38304.0,7182.0,3591.0,0.0,399.0,93366.0,0.0,11970.0,3990.0,86583.0,0.0
131000.0,0.0,4500.0,81500.0,0.0,48000.0,9000.0,4500.0,0.0,500.0,117000.0,0.0,15000.0,5000.0,108500.0,0.0
47684.0,0.0,1638.0,29666.0,0.0,17472.0,3276.0,1638.0,0.0,182.0,42588.0,0.0,5460.0,1820.0,39494.0,0.0
1850.0,10.0,30.0,640.0,0.0,160.0,60.0,10.0,0.0,10.0,1120.0,70.0,40.0,40.0,2950.0,30.0
46250.0,250.0,750.0,16000.0,0.0,4000.0,1500.0,250.0,0.0,250.0,28000.0,1750.0,1000.0,1000.0,73750.0,750.0
79735.0,431.0,1293.0,27584.0,0.0,6896.0,2586.0,431.0,0.0,431.0,48272.0,3017.0,1724.0,1724.0,127145.0,1293.0
7585.0,41.0,123.0,2624.0,0.0,656.0,246.0,41.0,0.0,41.0,4592.0,287.0,164.0,164.0,12095.0,123.0
4396.0,84.0,56.0,966.0,0.0,1148.0,196.0,14.0,0.0,0.0,2016.0,0.0,210.0,196.0,5390.0,42.0
141300.0,2700.0,1800.0,31050.0,0.0,36900.0,6300.0,450.0,0.0,0.0,64800.0,0.0,6750.0,6300.0,173250.0,1350.0
169560.0,3240.0,2160.0,37260.0,0.0,44280.0,7560.0,540.0,0.0,0.0,77760.0,0.0,8100.0,7560.0,207900.0,1620.0
23550.0,450.0,300.0,5175.0,0.0,6150.0,1050.0,75.0,0.0,0.0,10800.0,0.0,1125.0,1050.0,28875.0,225.0
6048.0,0.0,168.0,4620.0,0.0,2072.0,420.0,112.0,0.0,28.0,6104.0,0.0,588.0,196.0,9240.0,140.0
49896.0,0.0,1386.0,38115.0,0.0,17094.0,3465.0,924.0,0.0,231.0,50358.0,0.0,4851.0,1617.0,76230.0,1155.0
161352.0,0.0,4482.0,123255.0,0.0,55278.0,11205.0,2988.0,0.0,747.0,162846.0,0.0,15687.0,5229.0,246510.0,3735.0
22680.0,0.0,630.0,17325.0,0.0,7770.0,1575.0,420.0,0.0,105.0,22890.0,0.0,2205.0,735.0,34650.0,525.0
370817.0,6170.0,3085.0,124017.0,1234.0,48126.0,9872.0,1234.0,2468.0,0.0,33318.0,4319.0,10489.0,4319.0,307883.0,3085.0
410483.0,6830.0,3415.0,137283.0,1366.0,53274.0,10928.0,1366.0,2732.0,0.0,36882.0,4781.0,11611.0,4781.0,340817.0,3415.0
193522.0,3220.0,1610.0,64722.0,644.0,25116.0,5152.0,644.0,1288.0,0.0,17388.0,2254.0,5474.0,2254.0,160678.0,1610.0
13794.0,76.0,342.0,6004.0,0.0,3230.0,722.0,38.0,0.0,0.0,3876.0,0.0,912.0,342.0,8778.0,114.0
134673.0,742.0,3339.0,58618.0,0.0,31535.0,7049.0,371.0,0.0,0.0,37842.0,0.0,8904.0,3339.0,85701.0,1113.0
173877.0,958.0,4311.0,75682.0,0.0,40715.0,9101.0,479.0,0.0,0.0,48858.0,0.0,11496.0,4311.0,110649.0,1437.0
86031.0,474.0,2133.0,37446.0,0.0,20145.0,4503.0,237.0,0.0,0.0,24174.0,0.0,5688.0,2133.0,54747.0,711.0
247800.0,0.0,708.0,77880.0,0.0,36108.0,14868.0,0.0,0.0,0.0,236472.0,0.0,4956.0,9204.0,507636.0,708.0
309050.0,0.0,883.0,97130.0,0.0,45033.0,18543.0,0.0,0.0,0.0,294922.0,0.0,6181.0,11479.0,633111.0,883.0
13300.0,0.0,38.0,4180.0,0.0,1938.0,798.0,0.0,0.0,0.0,12692.0,0.0,266.0,494.0,27246.0,38.0
2172.0,36.0,0.0,900.0,0.0,96.0,84.0,12.0,0.0,0.0,600.0,0.0,60.0,72.0,2076.0,0.0
28598.0,474.0,0.0,11850.0,0.0,1264.0,1106.0,158.0,0.0,0.0,7900.0,0.0,790.0,948.0,27334.0,0.0
56110.0,930.0,0.0,23250.0,0.0,2480.0,2170.0,310.0,0.0,0.0,15500.0,0.0,1550.0,1860.0,53630.0,0.0
6878.0,114.0,0.0,2850.0,0.0,304.0,266.0,38.0,0.0,0.0,1900.0,0.0,190.0,228.0,6574.0,0.0
9264.0,0.0,128.0,4496.0,0.0,640.0,480.0,32.0,0.0,16.0,7280.0,16.0,768.0,160.0,5072.0,144.0
370560.0,0.0,5120.0,179840.0,0.0,25600.0,19200.0,1280.0,0.0,640.0,291200.0,640.0,30720.0,6400.0,202880.0,5760.0
348558.0,0.0,4816.0,169162.0,0.0,24080.0,18060.0,1204.0,0.0,602.0,273910.0,602.0,28896.0,6020.0,190834.0,5418.0
391404.0,0.0,5408.0,189956.0,0.0,27040.0,20280.0,1352.0,0.0,676.0,307580.0,676.0,32448.0,6760.0,214292.0,6084.0
11088.0,0.0,36.0,2880.0,0.0,1008.0,936.0,144.0,0.0,0.0,3600.0,0.0,1188.0,360.0,8892.0,108.0
74228.0,0.0,241.0,19280.0,0.0,6748.0,6266.0,964.0,0.0,0.0,24100.0,0.0,7953.0,2410.0,59527.0,723.0
142604.0,0.0,463.0,37040.0,0.0,12964.0,12038.0,1852.0,0.0,0.0,46300.0,0.0,15279.0,4630.0,114361.0,1389.0
42504.0,0.0,138.0,11040.0,0.0,3864.0,3588.0,552.0,0.0,0.0,13800.0,0.0,4554.0,1380.0,34086.0,414.0
2040.0,30.0,10.0,570.0,0.0,620.0,120.0,0.0,0.0,10.0,610.0,0.0,70.0,60.0,4340.0,0.0
59364.0,873.0,291.0,16587.0,0.0,18042.0,3492.0,0.0,0.0,291.0,17751.0,0.0,2037.0,1746.0,126294.0,0.0
98736.0,1452.0,484.0,27588.0,0.0,30008.0,5808.0,0.0,0.0,484.0,29524.0,0.0,3388.0,2904.0,210056.0,0.0
14892.0,219.0,73.0,4161.0,0.0,4526.0,876.0,0.0,0.0,73.0,4453.0,0.0,511.0,438.0,31682.0,0.0
9006.0,171.0,133.0,4636.0,0.0,1368.0,342.0,0.0,0.0,19.0,2945.0,0.0,361.0,171.0,4123.0,38.0
282978.0,5373.0,4179.0,145668.0,0.0,42984.0,10746.0,0.0,0.0,597.0,92535.0,0.0,11343.0,5373.0,129549.0,1194.0
244110.0,4635.0,3605.0,125660.0,0.0,37080.0,9270.0,0.0,0.0,515.0,79825.0,0.0,9785.0,4635.0,111755.0,1030.0
82476.0,1566.0,1218.0,42456.0,0.0,12528.0,3132.0,0.0,0.0,174.0,26970.0,0.0,3306.0,1566.0,37758.0,348.0
2050.0,0.0,30.0,900.0,0.0,620.0,100.0,20.0,0.0,0.0,2330.0,0.0,220.0,60.0,2420.0,10.0
80360.0,0.0,1176.0,35280.0,0.0,24304.0,3920.0,784.0,0.0,0.0,91336.0,0.0,8624.0,2352.0,94864.0,392.0
80155.0,0.0,1173.0,35190.0,0.0,24242.0,3910.0,782.0,0.0,0.0,91103.0,0.0,8602.0,2346.0,94622.0,391.0
21525.0,0.0,315.0,9450.0,0.0,6510.0,1050.0,210.0,0.0,0.0,24465.0,0.0,2310.0,630.0,25410.0,105.0
2794.0,77.0,33.0,1276.0,0.0,847.0,33.0,0.0,0.0,11.0,1254.0,0.0,132.0,165.0,6886.0,0.0
120650.0,3325.0,1425.0,55100.0,0.0,36575.0,1425.0,0.0,0.0,475.0,54150.0,0.0,5700.0,7125.0,297350.0,0.0
90170.0,2485.0,1065.0,41180.0,0.0,27335.0,1065.0,0.0,0.0,355.0,40470.0,0.0,4260.0,5325.0,222230.0,0.0
107188.0,2954.0,1266.0,48952.0,0.0,32494.0,1266.0,0.0,0.0,422.0,48108.0,0.0,5064.0,6330.0,264172.0,0.0
7850.0,50.0,50.0,5675.0,0.0,2325.0,625.0,25.0,0.0,25.0,6425.0,0.0,550.0,225.0,10200.0,125.0
123402.0,786.0,786.0,89211.0,0.0,36549.0,9825.0,393.0,0.0,393.0,101001.0,0.0,8646.0,3537.0,160344.0,1965.0
241152.0,1536.0,1536.0,174336.0,0.0,71424.0,19200.0,768.0,0.0,768.0,197376.0,0.0,16896.0,6912.0,313344.0,3840.0
71592.0,456.0,456.0,51756.0,0.0,21204.0,5700.0,228.0,0.0,228.0,58596.0,0.0,5016.0,2052.0,93024.0,1140.0
4155.0,15.0,30.0,2685.0,0.0,1080.0,195.0,60.0,0.0,15.0,1950.0,0.0,180.0,105.0,5190.0,0.0
77006.0,278.0,556.0,49762.0,0.0,20016.0,3614.0,1112.0,0.0,278.0,36140.0,0.0,3336.0,1946.0,96188.0,0.0
188360.0,680.0,1360.0,121720.0,0.0,48960.0,8840.0,2720.0,0.0,680.0,88400.0,0.0,8160.0,4760.0,235280.0,0.0
32409.0,117.0,234.0,20943.0,0.0,8424.0,1521.0,468.0,0.0,117.0,15210.0,0.0,1404.0,819.0,40482.0,0.0
498.0,0.0,3.0,150.0,0.0,78.0,24.0,0.0,0.0,3.0,480.0,0.0,18.0,15.0,813.0,3.0
50630.0,0.0,305.0,15250.0,0.0,7930.0,2440.0,0.0,0.0,305.0,48800.0,0.0,1830.0,1525.0,82655.0,305.0
54116.0,0.0,326.0,16300.0,0.0,8476.0,2608.0,0.0,0.0,326.0,52160.0,0.0,1956.0,1630.0,88346.0,326.0
12616.0,0.0,76.0,3800.0,0.0,1976.0,608.0,0.0,0.0,76.0,12160.0,0.0,456.0,380.0,20596.0,76.0
2184.0,14.0,28.0,1372.0,0.0,322.0,364.0,0.0,0.0,14.0,1120.0,14.0,336.0,70.0,4284.0,28.0
40716.0,261.0,522.0,25578.0,0.0,6003.0,6786.0,0.0,0.0,261.0,20880.0,261.0,6264.0,1305.0,79866.0,522.0
67704.0,434.0,868.0,42532.0,0.0,9982.0,11284.0,0.0,0.0,434.0,34720.0,434.0,10416.0,2170.0,132804.0,868.0
7332.0,47.0,94.0,4606.0,0.0,1081.0,1222.0,0.0,0.0,47.0,3760.0,47.0,1128.0,235.0,14382.0,94.0
1026.0,12.0,18.0,348.0,0.0,180.0,84.0,0.0,0.0,0.0,246.0,0.0,90.0,42.0,1356.0,0.0
31806.0,372.0,558.0,10788.0,0.0,5580.0,2604.0,0.0,0.0,0.0,7626.0,0.0,2790.0,1302.0,42036.0,0.0
62244.0,728.0,1092.0,21112.0,0.0,10920.0,5096.0,0.0,0.0,0.0,14924.0,0.0,5460.0,2548.0,82264.0,0.0
3591.0,42.0,63.0,1218.0,0.0,630.0,294.0,0.0,0.0,0.0,861.0,0.0,315.0,147.0,4746.0,0.0
4464.0,0.0,12.0,1824.0,0.0,912.0,156.0,12.0,0.0,12.0,2244.0,0.0,300.0,96.0,3576.0,24.0
182652.0,0.0,491.0,74632.0,0.0,37316.0,6383.0,491.0,0.0,491.0,91817.0,0.0,12275.0,3928.0,146318.0,982.0
206088.0,0.0,554.0,84208.0,0.0,42104.0,7202.0,554.0,0.0,554.0,103598.0,0.0,13850.0,4432.0,165092.0,1108.0
40920.0,0.0,110.0,16720.0,0.0,8360.0,1430.0,110.0,0.0,110.0,20570.0,0.0,2750.0,880.0,32780.0,220.0
109138.0,0.0,1576.0,48068.0,0.0,21276.0,5516.0,0.0,0.0,0.0,44916.0,0.0,8668.0,2364.0,73678.0,394.0
105814.0,0.0,1528.0,46604.0,0.0,20628.0,5348.0,0.0,0.0,0.0,43548.0,0.0,8404.0,2292.0,71434.0,382.0
14127.0,0.0,204.0,6222.0,0.0,2754.0,714.0,0.0,0.0,0.0,5814.0,0.0,1122.0,306.0,9537.0,51.0
702.0,3.0,6.0,165.0,0.0,126.0,45.0,3.0,0.0,3.0,534.0,0.0,9.0,18.0,603.0,3.0
64350.0,275.0,550.0,15125.0,0.0,11550.0,4125.0,275.0,0.0,275.0,48950.0,0.0,825.0,1650.0,55275.0,275.0
83304.0,356.0,712.0,19580.0,0.0,14952.0,5340.0,356.0,0.0,356.0,63368.0,0.0,1068.0,2136.0,71556.0,356.0
30888.0,132.0,264.0,7260.0,0.0,5544.0,1980.0,132.0,0.0,132.0,23496.0,0.0,396.0,792.0,26532.0,132.0
13780.0,0.0,78.0,3900.0,0.0,1872.0,546.0,130.0,0.0,0.0,4888.0,0.0,884.0,286.0,6110.0,78.0
199810.0,0.0,1131.0,56550.0,0.0,27144.0,7917.0,1885.0,0.0,0.0,70876.0,0.0,12818.0,4147.0,88595.0,1131.0
376830.0,0.0,2133.0,106650.0,0.0,51192.0,14931.0,3555.0,0.0,0.0,133668.0,0.0,24174.0,7821.0,167085.0,2133.0
99110.0,0.0,561.0,28050.0,0.0,13464.0,3927.0,935.0,0.0,0.0,35156.0,0.0,6358.0,2057.0,43945.0,561.0
68068.0,0.0,1232.0,23100.0,0.0,22792.0,5544.0,0.0,0.0,0.0,36036.0,0.0,3696.0,1848.0,48664.0,1848.0
76024.0,0.0,1376.0,25800.0,0.0,25456.0,6192.0,0.0,0.0,0.0,40248.0,0.0,4128.0,2064.0,54352.0,2064.0
13923.0,0.0,252.0,4725.0,0.0,4662.0,1134.0,0.0,0.0,0.0,7371.0,0.0,756.0,378.0,9954.0,378.0
28529.0,846.0,799.0,8413.0,0.0,4230.0,1222.0,0.0,94.0,47.0,8883.0,0.0,4841.0,470.0,18377.0,47.0
386659.0,11466.0,10829.0,114023.0,0.0,57330.0,16562.0,0.0,1274.0,637.0,120393.0,0.0,65611.0,6370.0,249067.0,637.0
544479.0,16146.0,15249.0,160563.0,0.0,80730.0,23322.0,0.0,1794.0,897.0,169533.0,0.0,92391.0,8970.0,350727.0,897.0
53416.0,1584.0,1496.0,15752.0,0.0,7920.0,2288.0,0.0,176.0,88.0,16632.0,0.0,9064.0,880.0,34408.0,88.0
2810.0,30.0,90.0,1260.0,0.0,590.0,160.0,30.0,0.0,10.0,1380.0,0.0,260.0,80.0,3310.0,10.0
124202.0,1326.0,3978.0,55692.0,0.0,26078.0,7072.0,1326.0,0.0,442.0,60996.0,0.0,11492.0,3536.0,146302.0,442.0
130665.0,1395.0,4185.0,58590.0,0.0,27435.0,7440.0,1395.0,0.0,465.0,64170.0,0.0,12090.0,3720.0,153915.0,465.0
35687.0,381.0,1143.0,16002.0,0.0,7493.0,2032.0,381.0,0.0,127.0,17526.0,0.0,3302.0,1016.0,42037.0,127.0
5434.0,0.0,66.0,2112.0,0.0,1276.0,462.0,66.0,0.0,22.0,7348.0,44.0,660.0,242.0,5742.0,88.0
59527.0,0.0,723.0,23136.0,0.0,13978.0,5061.0,723.0,0.0,241.0,80494.0,482.0,7230.0,2651.0,62901.0,964.0
192166.0,0.0,2334.0,74688.0,0.0,45124.0,16338.0,2334.0,0.0,778.0,259852.0,1556.0,23340.0,8558.0,203058.0,3112.0
13091.0,0.0,159.0,5088.0,0.0,3074.0,1113.0,159.0,0.0,53.0,17702.0,106.0,1590.0,583.0,13833.0,212.0
896.0,0.0,7.0,371.0,0.0,196.0,63.0,0.0,0.0,7.0,1393.0,0.0,42.0,35.0,6230.0,0.0
35456.0,0.0,277.0,14681.0,0.0,7756.0,2493.0,0.0,0.0,277.0,55123.0,0.0,1662.0,1385.0,246530.0,0.0
61184.0,0.0,478.0,25334.0,0.0,13384.0,4302.0,0.0,0.0,478.0,95122.0,0.0,2868.0,2390.0,425420.0,0.0
75264.0,0.0,588.0,31164.0,0.0,16464.0,5292.0,0.0,0.0,588.0,117012.0,0.0,3528.0,2940.0,523320.0,0.0
4665.0,135.0,45.0,1200.0,0.0,840.0,270.0,0.0,0.0,0.0,135.0,0.0,120.0,135.0,4080.0,0.0
87702.0,2538.0,846.0,22560.0,0.0,15792.0,5076.0,0.0,0.0,0.0,2538.0,0.0,2256.0,2538.0,76704.0,0.0
58157.0,1683.0,561.0,14960.0,0.0,10472.0,3366.0,0.0,0.0,0.0,1683.0,0.0,1496.0,1683.0,50864.0,0.0
97032.0,2808.0,936.0,24960.0,0.0,17472.0,5616.0,0.0,0.0,0.0,2808.0,0.0,2496.0,2808.0,84864.0,0.0
4416.0,16.0,48.0,2048.0,0.0,864.0,256.0,0.0,0.0,0.0,1696.0,0.0,288.0,112.0,3104.0,32.0
66516.0,241.0,723.0,30848.0,0.0,13014.0,3856.0,0.0,0.0,0.0,25546.0,0.0,4338.0,1687.0,46754.0,482.0
119232.0,432.0,1296.0,55296.0,0.0,23328.0,6912.0,0.0,0.0,0.0,45792.0,0.0,7776.0,3024.0,83808.0,864.0
40296.0,146.0,438.0,18688.0,0.0,7884.0,2336.0,0.0,0.0,0.0,15476.0,0.0,2628.0,1022.0,28324.0,292.0
1036.0,28.0,140.0,1092.0,0.0,308.0,532.0,0.0,0.0,0.0,0.0,0.0,0.0,196.0,0.0,0.0
3145.0,85.0,425.0,3315.0,0.0,935.0,1615.0,0.0,0.0,0.0,0.0,0.0,0.0,595.0,0.0,0.0
222.0,6.0,30.0,234.0,0.0,66.0,114.0,0.0,0.0,0.0,0.0,0.0,0.0,42.0,0.0,0.0
8862.0,84.0,105.0,4578.0,0.0,1512.0,273.0,21.0,0.0,0.0,3549.0,0.0,609.0,147.0,5208.0,0.0
178506.0,1692.0,2115.0,92214.0,0.0,30456.0,5499.0,423.0,0.0,0.0,71487.0,0.0,12267.0,2961.0,104904.0,0.0
260374.0,2468.0,3085.0,134506.0,0.0,44424.0,8021.0,617.0,0.0,0.0,104273.0,0.0,17893.0,4319.0,153016.0,0.0
73850.0,700.0,875.0,38150.0,0.0,12600.0,2275.0,175.0,0.0,0.0,29575.0,0.0,5075.0,1225.0,43400.0,0.0
104002.0,0.0,698.0,49558.0,0.0,14658.0,5584.0,698.0,0.0,0.0,41880.0,0.0,5933.0,1047.0,110284.0,349.0
165092.0,0.0,1108.0,78668.0,0.0,23268.0,8864.0,1108.0,0.0,0.0,66480.0,0.0,9418.0,1662.0,175064.0,554.0
24138.0,0.0,162.0,11502.0,0.0,3402.0,1296.0,162.0,0.0,0.0,9720.0,0.0,1377.0,243.0,25596.0,81.0
6300.0,100.0,20.0,2920.0,0.0,300.0,400.0,0.0,40.0,0.0,780.0,40.0,500.0,160.0,6420.0,0.0
68985.0,1095.0,219.0,31974.0,0.0,3285.0,4380.0,0.0,438.0,0.0,8541.0,438.0,5475.0,1752.0,70299.0,0.0
163800.0,2600.0,520.0,75920.0,0.0,7800.0,10400.0,0.0,1040.0,0.0,20280.0,1040.0,13000.0,4160.0,166920.0,0.0
59220.0,940.0,188.0,27448.0,0.0,2820.0,3760.0,0.0,376.0,0.0,7332.0,376.0,4700.0,1504.0,60348.0,0.0
96000.0,0.0,2800.0,65600.0,0.0,18400.0,9200.0,400.0,800.0,0.0,28800.0,0.0,24400.0,3200.0,147200.0,1200.0
127680.0,0.0,3724.0,87248.0,0.0,24472.0,12236.0,532.0,1064.0,0.0,38304.0,0.0,32452.0,4256.0,195776.0,1596.0
23040.0,0.0,672.0,15744.0,0.0,4416.0,2208.0,96.0,192.0,0.0,6912.0,0.0,5856.0,768.0,35328.0,288.0
8888.0,22.0,154.0,3058.0,0.0,1056.0,462.0,22.0,0.0,0.0,2222.0,0.0,682.0,330.0,4136.0,44.0
182608.0,452.0,3164.0,62828.0,0.0,21696.0,9492.0,452.0,0.0,0.0,45652.0,0.0,14012.0,6780.0,84976.0,904.0
168468.0,417.0,2919.0,57963.0,0.0,20016.0,8757.0,417.0,0.0,0.0,42117.0,0.0,12927.0,6255.0,78396.0,834.0
39592.0,98.0,686.0,13622.0,0.0,4704.0,2058.0,98.0,0.0,0.0,9898.0,0.0,3038.0,1470.0,18424.0,196.0
38000.0,380.0,190.0,14820.0,0.0,0.0,3230.0,0.0,0.0,0.0,4940.0,0.0,1140.0,950.0,60040.0,0.0
50800.0,508.0,254.0,19812.0,0.0,0.0,4318.0,0.0,0.0,0.0,6604.0,0.0,1524.0,1270.0,80264.0,0.0
42800.0,428.0,214.0,16692.0,0.0,0.0,3638.0,0.0,0.0,0.0,5564.0,0.0,1284.0,1070.0,67624.0,0.0
13600.0,200.0,280.0,8880.0,0.0,3200.0,1000.0,40.0,0.0,40.0,4400.0,0.0,800.0,320.0,8400.0,240.0
136000.0,2000.0,2800.0,88800.0,0.0,32000.0,10000.0,400.0,0.0,400.0,44000.0,0.0,8000.0,3200.0,84000.0,2400.0
197880.0,2910.0,4074.0,129204.0,0.0,46560.0,14550.0,582.0,0.0,582.0,64020.0,0.0,11640.0,4656.0,122220.0,3492.0
19380.0,285.0,399.0,12654.0,0.0,4560.0,1425.0,57.0,0.0,57.0,6270.0,0.0,1140.0,456.0,11970.0,342.0
4392.0,0.0,24.0,1752.0,0.0,216.0,696.0,0.0,0.0,0.0,912.0,0.0,312.0,96.0,6216.0,48.0
39894.0,0.0,218.0,15914.0,0.0,1962.0,6322.0,0.0,0.0,0.0,8284.0,0.0,2834.0,872.0,56462.0,436.0
61671.0,0.0,337.0,24601.0,0.0,3033.0,9773.0,0.0,0.0,0.0,12806.0,0.0,4381.0,1348.0,87283.0,674.0
10065.0,0.0,55.0,4015.0,0.0,495.0,1595.0,0.0,0.0,0.0,2090.0,0.0,715.0,220.0,14245.0,110.0
7125.0,38.0,114.0,3990.0,0.0,1558.0,342.0,76.0,0.0,0.0,2451.0,0.0,684.0,190.0,5814.0,38.0
148125.0,790.0,2370.0,82950.0,0.0,32390.0,7110.0,1580.0,0.0,0.0,50955.0,0.0,14220.0,3950.0,120870.0,790.0
223125.0,1190.0,3570.0,124950.0,0.0,48790.0,10710.0,2380.0,0.0,0.0,76755.0,0.0,21420.0,5950.0,182070.0,1190.0
80625.0,430.0,1290.0,45150.0,0.0,17630.0,3870.0,860.0,0.0,0.0,27735.0,0.0,7740.0,2150.0,65790.0,430.0
4298.0,0.0,84.0,2464.0,0.0,938.0,308.0,14.0,0.0,14.0,4368.0,0.0,280.0,126.0,4116.0,28.0
88723.0,0.0,1734.0,50864.0,0.0,19363.0,6358.0,289.0,0.0,289.0,90168.0,0.0,5780.0,2601.0,84966.0,578.0
236697.0,0.0,4626.0,135696.0,0.0,51657.0,16962.0,771.0,0.0,771.0,240552.0,0.0,15420.0,6939.0,226674.0,1542.0
61400.0,0.0,1200.0,35200.0,0.0,13400.0,4400.0,200.0,0.0,200.0,62400.0,0.0,4000.0,1800.0,58800.0,400.0
4256.0,98.0,14.0,1680.0,0.0,784.0,266.0,0.0,0.0,14.0,3864.0,0.0,294.0,98.0,3766.0,0.0
85424.0,1967.0,281.0,33720.0,0.0,15736.0,5339.0,0.0,0.0,281.0,77556.0,0.0,5901.0,1967.0,75589.0,0.0
185744.0,4277.0,611.0,73320.0,0.0,34216.0,11609.0,0.0,0.0,611.0,168636.0,0.0,12831.0,4277.0,164359.0,0.0
58064.0,1337.0,191.0,22920.0,0.0,10696.0,3629.0,0.0,0.0,191.0,52716.0,0.0,4011.0,1337.0,51379.0,0.0
21.0,0.0,0.0,35.0,0.0,0.0,7.0,0.0,0.0,7.0,0.0,0.0,0.0,0.0,0.0,0.0
9.0,0.0,0.0,15.0,0.0,0.0,3.0,0.0,0.0,3.0,0.0,0.0,0.0,0.0,0.0,0.0
173398.0,0.0,479.0,68018.0,0.0,15807.0,8622.0,0.0,958.0,0.0,54127.0,0.0,13412.0,6706.0,106817.0,2874.0
145886.0,0.0,403.0,57226.0,0.0,13299.0,7254.0,0.0,806.0,0.0,45539.0,0.0,11284.0,5642.0,89869.0,2418.0
37286.0,0.0,103.0,14626.0,0.0,3399.0,1854.0,0.0,206.0,0.0,11639.0,0.0,2884.0,1442.0,22969.0,618.0
808.0,0.0,24.0,344.0,0.0,96.0,16.0,0.0,0.0,8.0,560.0,0.0,56.0,56.0,2728.0,0.0
15554.0,0.0,462.0,6622.0,0.0,1848.0,308.0,0.0,0.0,154.0,10780.0,0.0,1078.0,1078.0,52514.0,0.0
3636.0,0.0,108.0,1548.0,0.0,432.0,72.0,0.0,0.0,36.0,2520.0,0.0,252.0,252.0,12276.0,0.0
39491.0,0.0,1173.0,16813.0,0.0,4692.0,782.0,0.0,0.0,391.0,27370.0,0.0,2737.0,2737.0,133331.0,0.0
196479.0,513.0,6156.0,81054.0,0.0,24111.0,5643.0,0.0,0.0,0.0,78489.0,0.0,7182.0,3078.0,97983.0,513.0
153966.0,402.0,4824.0,63516.0,0.0,18894.0,4422.0,0.0,0.0,0.0,61506.0,0.0,5628.0,2412.0,76782.0,402.0
34853.0,91.0,1092.0,14378.0,0.0,4277.0,1001.0,0.0,0.0,0.0,13923.0,0.0,1274.0,546.0,17381.0,91.0
6456.0,144.0,24.0,2736.0,0.0,936.0,456.0,48.0,48.0,24.0,96.0,0.0,744.0,192.0,23424.0,0.0
72899.0,1626.0,271.0,30894.0,0.0,10569.0,5149.0,542.0,542.0,271.0,1084.0,0.0,8401.0,2168.0,264496.0,0.0
36853.0,822.0,137.0,15618.0,0.0,5343.0,2603.0,274.0,274.0,137.0,548.0,0.0,4247.0,1096.0,133712.0,0.0
299397.0,6678.0,1113.0,126882.0,0.0,43407.0,21147.0,2226.0,2226.0,1113.0,4452.0,0.0,34503.0,8904.0,1086288.0,0.0
3124.0,11.0,11.0,517.0,0.0,33.0,66.0,0.0,0.0,0.0,352.0,22.0,88.0,77.0,3168.0,11.0
63900.0,225.0,225.0,10575.0,0.0,675.0,1350.0,0.0,0.0,0.0,7200.0,450.0,1800.0,1575.0,64800.0,225.0
117576.0,414.0,414.0,19458.0,0.0,1242.0,2484.0,0.0,0.0,0.0,13248.0,828.0,3312.0,2898.0,119232.0,414.0
10792.0,38.0,38.0,1786.0,0.0,114.0,228.0,0.0,0.0,0.0,1216.0,76.0,304.0,266.0,10944.0,38.0
809796.0,0.0,8592.0,389862.0,0.0,193320.0,16110.0,2148.0,0.0,0.0,209430.0,1074.0,28998.0,22554.0,693804.0,0.0
471250.0,0.0,5000.0,226875.0,0.0,112500.0,9375.0,1250.0,0.0,0.0,121875.0,625.0,16875.0,13125.0,403750.0,0.0
467480.0,0.0,4960.0,225060.0,0.0,111600.0,9300.0,1240.0,0.0,0.0,120900.0,620.0,16740.0,13020.0,400520.0,0.0
429.0,0.0,3.0,195.0,0.0,60.0,39.0,3.0,0.0,3.0,156.0,0.0,24.0,18.0,822.0,0.0
33605.0,0.0,235.0,15275.0,0.0,4700.0,3055.0,235.0,0.0,235.0,12220.0,0.0,1880.0,1410.0,64390.0,0.0
43043.0,0.0,301.0,19565.0,0.0,6020.0,3913.0,301.0,0.0,301.0,15652.0,0.0,2408.0,1806.0,82474.0,0.0
9724.0,0.0,68.0,4420.0,0.0,1360.0,884.0,68.0,0.0,68.0,3536.0,0.0,544.0,408.0,18632.0,0.0
300.0,0.0,16.0,152.0,0.0,44.0,40.0,0.0,0.0,4.0,124.0,0.0,12.0,28.0,1300.0,0.0
10425.0,0.0,556.0,5282.0,0.0,1529.0,1390.0,0.0,0.0,139.0,4309.0,0.0,417.0,973.0,45175.0,0.0
26625.0,0.0,1420.0,13490.0,0.0,3905.0,3550.0,0.0,0.0,355.0,11005.0,0.0,1065.0,2485.0,115375.0,0.0
750.0,0.0,40.0,380.0,0.0,110.0,100.0,0.0,0.0,10.0,310.0,0.0,30.0,70.0,3250.0,0.0
3443.0,99.0,11.0,1078.0,0.0,341.0,242.0,110.0,0.0,0.0,847.0,22.0,110.0,165.0,2420.0,11.0
101725.0,2925.0,325.0,31850.0,0.0,10075.0,7150.0,3250.0,0.0,0.0,25025.0,650.0,3250.0,4875.0,71500.0,325.0
104542.0,3006.0,334.0,32732.0,0.0,10354.0,7348.0,3340.0,0.0,0.0,25718.0,668.0,3340.0,5010.0,73480.0,334.0
67295.0,1935.0,215.0,21070.0,0.0,6665.0,4730.0,2150.0,0.0,0.0,16555.0,430.0,2150.0,3225.0,47300.0,215.0
2724.0,0.0,84.0,1368.0,0.0,660.0,252.0,0.0,0.0,12.0,2376.0,12.0,168.0,84.0,2220.0,12.0
74456.0,0.0,2296.0,37392.0,0.0,18040.0,6888.0,0.0,0.0,328.0,64944.0,328.0,4592.0,2296.0,60680.0,328.0
111684.0,0.0,3444.0,56088.0,0.0,27060.0,10332.0,0.0,0.0,492.0,97416.0,492.0,6888.0,3444.0,91020.0,492.0
7264.0,0.0,224.0,3648.0,0.0,1760.0,672.0,0.0,0.0,32.0,6336.0,32.0,448.0,224.0,5920.0,32.0
3514.0,0.0,56.0,756.0,0.0,784.0,140.0,0.0,0.0,0.0,1442.0,0.0,196.0,126.0,2996.0,14.0
62750.0,0.0,1000.0,13500.0,0.0,14000.0,2500.0,0.0,0.0,0.0,25750.0,0.0,3500.0,2250.0,53500.0,250.0
97890.0,0.0,1560.0,21060.0,0.0,21840.0,3900.0,0.0,0.0,0.0,40170.0,0.0,5460.0,3510.0,83460.0,390.0
19829.0,0.0,316.0,4266.0,0.0,4424.0,790.0,0.0,0.0,0.0,8137.0,0.0,1106.0,711.0,16906.0,79.0
5825.0,0.0,100.0,1700.0,0.0,1250.0,325.0,50.0,0.0,25.0,1450.0,25.0,150.0,225.0,11750.0,25.0
54988.0,0.0,944.0,16048.0,0.0,11800.0,3068.0,472.0,0.0,236.0,13688.0,236.0,1416.0,2124.0,110920.0,236.0
123024.0,0.0,2112.0,35904.0,0.0,26400.0,6864.0,1056.0,0.0,528.0,30624.0,528.0,3168.0,4752.0,248160.0,528.0
42872.0,0.0,736.0,12512.0,0.0,9200.0,2392.0,368.0,0.0,184.0,10672.0,184.0,1104.0,1656.0,86480.0,184.0
62356.0,0.0,0.0,17030.0,0.0,10742.0,5240.0,0.0,0.0,0.0,25414.0,0.0,2096.0,1834.0,55020.0,1048.0
97818.0,0.0,0.0,26715.0,0.0,16851.0,8220.0,0.0,0.0,0.0,39867.0,0.0,3288.0,2877.0,86310.0,1644.0
8330.0,0.0,0.0,2275.0,0.0,1435.0,700.0,0.0,0.0,0.0,3395.0,0.0,280.0,245.0,7350.0,140.0
4301.0,0.0,11.0,1166.0,0.0,231.0,352.0,33.0,22.0,11.0,1034.0,0.0,231.0,110.0,5115.0,33.0
146625.0,0.0,375.0,39750.0,0.0,7875.0,12000.0,1125.0,750.0,375.0,35250.0,0.0,7875.0,3750.0,174375.0,1125.0
251804.0,0.0,644.0,68264.0,0.0,13524.0,20608.0,1932.0,1288.0,644.0,60536.0,0.0,13524.0,6440.0,299460.0,1932.0
61387.0,0.0,157.0,16642.0,0.0,3297.0,5024.0,471.0,314.0,157.0,14758.0,0.0,3297.0,1570.0,73005.0,471.0
12992.0,29.0,174.0,5220.0,29.0,1914.0,696.0,29.0,0.0,0.0,1595.0,0.0,464.0,609.0,7801.0,58.0
185472.0,414.0,2484.0,74520.0,414.0,27324.0,9936.0,414.0,0.0,0.0,22770.0,0.0,6624.0,8694.0,111366.0,828.0
264320.0,590.0,3540.0,106200.0,590.0,38940.0,14160.0,590.0,0.0,0.0,32450.0,0.0,9440.0,12390.0,158710.0,1180.0
45696.0,102.0,612.0,18360.0,102.0,6732.0,2448.0,102.0,0.0,0.0,5610.0,0.0,1632.0,2142.0,27438.0,204.0
2392.0,0.0,40.0,1224.0,0.0,576.0,168.0,8.0,0.0,8.0,3040.0,0.0,128.0,48.0,2272.0,8.0
138138.0,0.0,2310.0,70686.0,0.0,33264.0,9702.0,462.0,0.0,462.0,175560.0,0.0,7392.0,2772.0,131208.0,462.0
204217.0,0.0,3415.0,104499.0,0.0,49176.0,14343.0,683.0,0.0,683.0,259540.0,0.0,10928.0,4098.0,193972.0,683.0
35581.0,0.0,595.0,18207.0,0.0,8568.0,2499.0,119.0,0.0,119.0,45220.0,0.0,1904.0,714.0,33796.0,119.0
19024.0,492.0,205.0,9102.0,0.0,2952.0,861.0,41.0,0.0,0.0,5576.0,41.0,1107.0,164.0,12259.0,0.0
191632.0,4956.0,2065.0,91686.0,0.0,29736.0,8673.0,413.0,0.0,0.0,56168.0,413.0,11151.0,1652.0,123487.0,0.0
351248.0,9084.0,3785.0,168054.0,0.0,54504.0,15897.0,757.0,0.0,0.0,102952.0,757.0,20439.0,3028.0,226343.0,0.0
56144.0,1452.0,605.0,26862.0,0.0,8712.0,2541.0,121.0,0.0,0.0,16456.0,121.0,3267.0,484.0,36179.0,0.0
587432.0,0.0,5432.0,69840.0,0.0,54320.0,13968.0,776.0,0.0,0.0,189344.0,3880.0,38024.0,10088.0,458616.0,6984.0
463284.0,0.0,4284.0,55080.0,0.0,42840.0,11016.0,612.0,0.0,0.0,149328.0,3060.0,29988.0,7956.0,361692.0,5508.0
372444.0,0.0,3444.0,44280.0,0.0,34440.0,8856.0,492.0,0.0,0.0,120048.0,2460.0,24108.0,6396.0,290772.0,4428.0
40745.0,1124.0,843.0,23604.0,0.0,19670.0,2810.0,0.0,0.0,0.0,19951.0,0.0,2248.0,1405.0,42712.0,281.0
13050.0,360.0,270.0,7560.0,0.0,6300.0,900.0,0.0,0.0,0.0,6390.0,0.0,720.0,450.0,13680.0,90.0
29000.0,800.0,600.0,16800.0,0.0,14000.0,2000.0,0.0,0.0,0.0,14200.0,0.0,1600.0,1000.0,30400.0,200.0
3168.0,220.0,44.0,1320.0,0.0,132.0,88.0,0.0,0.0,11.0,517.0,0.0,88.0,99.0,4103.0,11.0
87840.0,6100.0,1220.0,36600.0,0.0,3660.0,2440.0,0.0,0.0,305.0,14335.0,0.0,2440.0,2745.0,113765.0,305.0
140256.0,9740.0,1948.0,58440.0,0.0,5844.0,3896.0,0.0,0.0,487.0,22889.0,0.0,3896.0,4383.0,181651.0,487.0
32256.0,2240.0,448.0,13440.0,0.0,1344.0,896.0,0.0,0.0,112.0,5264.0,0.0,896.0,1008.0,41776.0,112.0
2448.0,18.0,27.0,1143.0,0.0,144.0,9.0,27.0,0.0,9.0,756.0,0.0,162.0,72.0,2736.0,18.0
85408.0,628.0,942.0,39878.0,0.0,5024.0,314.0,942.0,0.0,314.0,26376.0,0.0,5652.0,2512.0,95456.0,628.0
112336.0,826.0,1239.0,52451.0,0.0,6608.0,413.0,1239.0,0.0,413.0,34692.0,0.0,7434.0,3304.0,125552.0,826.0
33456.0,246.0,369.0,15621.0,0.0,1968.0,123.0,369.0,0.0,123.0,10332.0,0.0,2214.0,984.0,37392.0,246.0
6942.0,26.0,78.0,3302.0,0.0,312.0,364.0,0.0,0.0,26.0,5928.0,52.0,130.0,234.0,6942.0,156.0
83571.0,313.0,939.0,39751.0,0.0,3756.0,4382.0,0.0,0.0,313.0,71364.0,626.0,1565.0,2817.0,83571.0,1878.0
146850.0,550.0,1650.0,69850.0,0.0,6600.0,7700.0,0.0,0.0,550.0,125400.0,1100.0,2750.0,4950.0,146850.0,3300.0
33108.0,124.0,372.0,15748.0,0.0,1488.0,1736.0,0.0,0.0,124.0,28272.0,248.0,620.0,1116.0,33108.0,744.0
12578.0,570.0,190.0,9975.0,0.0,2584.0,361.0,57.0,38.0,0.0,4997.0,0.0,1330.0,247.0,6042.0,19.0
487894.0,22110.0,7370.0,386925.0,0.0,100232.0,14003.0,2211.0,1474.0,0.0,193831.0,0.0,51590.0,9581.0,234366.0,737.0
684508.0,31020.0,10340.0,542850.0,0.0,140624.0,19646.0,3102.0,2068.0,0.0,271942.0,0.0,72380.0,13442.0,328812.0,1034.0
242954.0,11010.0,3670.0,192675.0,0.0,49912.0,6973.0,1101.0,734.0,0.0,96521.0,0.0,25690.0,4771.0,116706.0,367.0
74108.0,388.0,1164.0,32592.0,0.0,24444.0,11640.0,0.0,0.0,0.0,33756.0,0.0,1552.0,1552.0,98940.0,388.0
62075.0,325.0,975.0,27300.0,0.0,20475.0,9750.0,0.0,0.0,0.0,28275.0,0.0,1300.0,1300.0,82875.0,325.0
3629.0,19.0,57.0,1596.0,0.0,1197.0,570.0,0.0,0.0,0.0,1653.0,0.0,76.0,76.0,4845.0,19.0
2816.0,16.0,32.0,944.0,0.0,240.0,384.0,0.0,0.0,0.0,512.0,0.0,160.0,64.0,3040.0,16.0
40832.0,232.0,464.0,13688.0,0.0,3480.0,5568.0,0.0,0.0,0.0,7424.0,0.0,2320.0,928.0,44080.0,232.0
46464.0,264.0,528.0,15576.0,0.0,3960.0,6336.0,0.0,0.0,0.0,8448.0,0.0,2640.0,1056.0,50160.0,264.0
2816.0,16.0,32.0,944.0,0.0,240.0,384.0,0.0,0.0,0.0,512.0,0.0,160.0,64.0,3040.0,16.0
3345.0,30.0,60.0,2445.0,0.0,1350.0,240.0,15.0,0.0,15.0,6240.0,0.0,150.0,135.0,3735.0,15.0
152086.0,1364.0,2728.0,111166.0,0.0,61380.0,10912.0,682.0,0.0,682.0,283712.0,0.0,6820.0,6138.0,169818.0,682.0
96782.0,868.0,1736.0,70742.0,0.0,39060.0,6944.0,434.0,0.0,434.0,180544.0,0.0,4340.0,3906.0,108066.0,434.0
18286.0,164.0,328.0,13366.0,0.0,7380.0,1312.0,82.0,0.0,82.0,34112.0,0.0,820.0,738.0,20418.0,82.0
4906.0,0.0,66.0,2442.0,0.0,1056.0,374.0,0.0,0.0,0.0,1562.0,0.0,858.0,132.0,4884.0,66.0
60656.0,0.0,816.0,30192.0,0.0,13056.0,4624.0,0.0,0.0,0.0,19312.0,0.0,10608.0,1632.0,60384.0,816.0
82287.0,0.0,1107.0,40959.0,0.0,17712.0,6273.0,0.0,0.0,0.0,26199.0,0.0,14391.0,2214.0,81918.0,1107.0
24307.0,0.0,327.0,12099.0,0.0,5232.0,1853.0,0.0,0.0,0.0,7739.0,0.0,4251.0,654.0,24198.0,327.0
3690.0,60.0,165.0,885.0,0.0,870.0,375.0,30.0,0.0,15.0,1800.0,15.0,180.0,135.0,3060.0,0.0
81918.0,1332.0,3663.0,19647.0,0.0,19314.0,8325.0,666.0,0.0,333.0,39960.0,333.0,3996.0,2997.0,67932.0,0.0
88314.0,1436.0,3949.0,21181.0,0.0,20822.0,8975.0,718.0,0.0,359.0,43080.0,359.0,4308.0,3231.0,73236.0,0.0
17712.0,288.0,792.0,4248.0,0.0,4176.0,1800.0,144.0,0.0,72.0,8640.0,72.0,864.0,648.0,14688.0,0.0
120046.0,0.0,772.0,39372.0,0.0,22774.0,2702.0,772.0,0.0,0.0,50952.0,0.0,3474.0,1930.0,125450.0,0.0
163586.0,0.0,1052.0,53652.0,0.0,31034.0,3682.0,1052.0,0.0,0.0,69432.0,0.0,4734.0,2630.0,170950.0,0.0
22081.0,0.0,142.0,7242.0,0.0,4189.0,497.0,142.0,0.0,0.0,9372.0,0.0,639.0,355.0,23075.0,0.0
4144.0,0.0,48.0,800.0,0.0,496.0,160.0,0.0,0.0,0.0,1376.0,0.0,128.0,96.0,5376.0,0.0
52059.0,0.0,603.0,10050.0,0.0,6231.0,2010.0,0.0,0.0,0.0,17286.0,0.0,1608.0,1206.0,67536.0,0.0
131054.0,0.0,1518.0,25300.0,0.0,15686.0,5060.0,0.0,0.0,0.0,43516.0,0.0,4048.0,3036.0,170016.0,0.0
23051.0,0.0,267.0,4450.0,0.0,2759.0,890.0,0.0,0.0,0.0,7654.0,0.0,712.0,534.0,29904.0,0.0
4752.0,132.0,66.0,1507.0,0.0,1012.0,341.0,11.0,0.0,0.0,1639.0,0.0,440.0,121.0,6270.0,11.0
197424.0,5484.0,2742.0,62609.0,0.0,42044.0,14167.0,457.0,0.0,0.0,68093.0,0.0,18280.0,5027.0,260490.0,457.0
401328.0,11148.0,5574.0,127273.0,0.0,85468.0,28799.0,929.0,0.0,0.0,138421.0,0.0,37160.0,10219.0,529530.0,929.0
48384.0,1344.0,672.0,15344.0,0.0,10304.0,3472.0,112.0,0.0,0.0,16688.0,0.0,4480.0,1232.0,63840.0,112.0
13530.0,33.0,132.0,4785.0,0.0,1584.0,693.0,0.0,0.0,0.0,3795.0,0.0,726.0,462.0,9570.0,132.0
135300.0,330.0,1320.0,47850.0,0.0,15840.0,6930.0,0.0,0.0,0.0,37950.0,0.0,7260.0,4620.0,95700.0,1320.0
211560.0,516.0,2064.0,74820.0,0.0,24768.0,10836.0,0.0,0.0,0.0,59340.0,0.0,11352.0,7224.0,149640.0,2064.0
107420.0,262.0,1048.0,37990.0,0.0,12576.0,5502.0,0.0,0.0,0.0,30130.0,0.0,5764.0,3668.0,75980.0,1048.0
3609.0,0.0,54.0,2232.0,0.0,342.0,198.0,9.0,0.0,9.0,2169.0,0.0,306.0,72.0,3429.0,9.0
193282.0,0.0,2892.0,119536.0,0.0,18316.0,10604.0,482.0,0.0,482.0,116162.0,0.0,16388.0,3856.0,183642.0,482.0
341251.0,0.0,5106.0,211048.0,0.0,32338.0,18722.0,851.0,0.0,851.0,205091.0,0.0,28934.0,6808.0,324231.0,851.0
28471.0,0.0,426.0,17608.0,0.0,2698.0,1562.0,71.0,0.0,71.0,17111.0,0.0,2414.0,568.0,27051.0,71.0
3132.0,0.0,0.0,1278.0,0.0,522.0,180.0,54.0,0.0,0.0,1530.0,0.0,216.0,90.0,3600.0,18.0
23838.0,0.0,0.0,9727.0,0.0,3973.0,1370.0,411.0,0.0,0.0,11645.0,0.0,1644.0,685.0,27400.0,137.0
65946.0,0.0,0.0,26909.0,0.0,10991.0,3790.0,1137.0,0.0,0.0,32215.0,0.0,4548.0,1895.0,75800.0,379.0
15312.0,0.0,0.0,6248.0,0.0,2552.0,880.0,264.0,0.0,0.0,7480.0,0.0,1056.0,440.0,17600.0,88.0
1656.0,36.0,24.0,576.0,0.0,252.0,96.0,0.0,0.0,0.0,12.0,0.0,24.0,48.0,1548.0,12.0
19182.0,417.0,278.0,6672.0,0.0,2919.0,1112.0,0.0,0.0,0.0,139.0,0.0,278.0,556.0,17931.0,139.0
23736.0,516.0,344.0,8256.0,0.0,3612.0,1376.0,0.0,0.0,0.0,172.0,0.0,344.0,688.0,22188.0,172.0
6486.0,141.0,94.0,2256.0,0.0,987.0,376.0,0.0,0.0,0.0,47.0,0.0,94.0,188.0,6063.0,47.0
642.0,0.0,12.0,357.0,0.0,123.0,36.0,12.0,0.0,3.0,123.0,0.0,12.0,18.0,1344.0,0.0
69764.0,0.0,1304.0,38794.0,0.0,13366.0,3912.0,1304.0,0.0,326.0,13366.0,0.0,1304.0,1956.0,146048.0,0.0
42800.0,0.0,800.0,23800.0,0.0,8200.0,2400.0,800.0,0.0,200.0,8200.0,0.0,800.0,1200.0,89600.0,0.0
91806.0,0.0,1716.0,51051.0,0.0,17589.0,5148.0,1716.0,0.0,429.0,17589.0,0.0,1716.0,2574.0,192192.0,0.0
2387.0,55.0,44.0,1375.0,0.0,484.0,198.0,11.0,0.0,11.0,1826.0,0.0,44.0,88.0,3245.0,22.0
46438.0,1070.0,856.0,26750.0,0.0,9416.0,3852.0,214.0,0.0,214.0,35524.0,0.0,856.0,1712.0,63130.0,428.0
131502.0,3030.0,2424.0,75750.0,0.0,26664.0,10908.0,606.0,0.0,606.0,100596.0,0.0,2424.0,4848.0,178770.0,1212.0
14973.0,345.0,276.0,8625.0,0.0,3036.0,1242.0,69.0,0.0,69.0,11454.0,0.0,276.0,552.0,20355.0,138.0
832.0,0.0,0.0,624.0,0.0,480.0,128.0,0.0,0.0,0.0,880.0,0.0,32.0,80.0,0.0,0.0
8320.0,0.0,0.0,6240.0,0.0,4800.0,1280.0,0.0,0.0,0.0,8800.0,0.0,320.0,800.0,0.0,0.0
1040.0,0.0,0.0,780.0,0.0,600.0,160.0,0.0,0.0,0.0,1100.0,0.0,40.0,100.0,0.0,0.0
666240.0,960.0,6720.0,511680.0,0.0,94080.0,20160.0,8640.0,1920.0,0.0,331200.0,1920.0,43200.0,15360.0,1009920.0,5760.0
662076.0,954.0,6678.0,508482.0,0.0,93492.0,20034.0,8586.0,1908.0,0.0,329130.0,1908.0,42930.0,15264.0,1003608.0,5724.0
807816.0,1164.0,8148.0,620412.0,0.0,114072.0,24444.0,10476.0,2328.0,0.0,401580.0,2328.0,52380.0,18624.0,1224528.0,6984.0
1860.0,10.0,10.0,990.0,0.0,580.0,150.0,0.0,0.0,10.0,1060.0,0.0,90.0,110.0,2810.0,20.0
57288.0,308.0,308.0,30492.0,0.0,17864.0,4620.0,0.0,0.0,308.0,32648.0,0.0,2772.0,3388.0,86548.0,616.0
80724.0,434.0,434.0,42966.0,0.0,25172.0,6510.0,0.0,0.0,434.0,46004.0,0.0,3906.0,4774.0,121954.0,868.0
9672.0,52.0,52.0,5148.0,0.0,3016.0,780.0,0.0,0.0,52.0,5512.0,0.0,468.0,572.0,14612.0,104.0
420.0,105.0,70.0,1225.0,0.0,175.0,665.0,0.0,0.0,35.0,2065.0,0.0,0.0,175.0,11025.0,35.0
1236.0,309.0,206.0,3605.0,0.0,515.0,1957.0,0.0,0.0,103.0,6077.0,0.0,0.0,515.0,32445.0,103.0
3852.0,963.0,642.0,11235.0,0.0,1605.0,6099.0,0.0,0.0,321.0,18939.0,0.0,0.0,1605.0,101115.0,321.0
286250.0,1250.0,3125.0,151250.0,0.0,43750.0,6875.0,0.0,0.0,0.0,138125.0,0.0,20625.0,5625.0,386250.0,1250.0
254648.0,1112.0,2780.0,134552.0,0.0,38920.0,6116.0,0.0,0.0,0.0,122876.0,0.0,18348.0,5004.0,343608.0,1112.0
261060.0,1140.0,2850.0,137940.0,0.0,39900.0,6270.0,0.0,0.0,0.0,125970.0,0.0,18810.0,5130.0,352260.0,1140.0
1610.0,14.0,21.0,721.0,0.0,490.0,91.0,21.0,0.0,7.0,868.0,0.0,126.0,42.0,1869.0,28.0
70610.0,614.0,921.0,31621.0,0.0,21490.0,3991.0,921.0,0.0,307.0,38068.0,0.0,5526.0,1842.0,81969.0,1228.0
112240.0,976.0,1464.0,50264.0,0.0,34160.0,6344.0,1464.0,0.0,488.0,60512.0,0.0,8784.0,2928.0,130296.0,1952.0
17020.0,148.0,222.0,7622.0,0.0,5180.0,962.0,222.0,0.0,74.0,9176.0,0.0,1332.0,444.0,19758.0,296.0
35844.0,870.0,0.0,9048.0,0.0,3654.0,2610.0,0.0,0.0,0.0,174.0,0.0,2610.0,2088.0,58638.0,348.0
97026.0,2355.0,0.0,24492.0,0.0,9891.0,7065.0,0.0,0.0,0.0,471.0,0.0,7065.0,5652.0,158727.0,942.0
8446.0,205.0,0.0,2132.0,0.0,861.0,615.0,0.0,0.0,0.0,41.0,0.0,615.0,492.0,13817.0,82.0
97055.0,0.0,1645.0,23030.0,0.0,9212.0,8883.0,0.0,0.0,0.0,34216.0,0.0,1974.0,1974.0,89817.0,0.0
128030.0,0.0,2170.0,30380.0,0.0,12152.0,11718.0,0.0,0.0,0.0,45136.0,0.0,2604.0,2604.0,118482.0,0.0
22715.0,0.0,385.0,5390.0,0.0,2156.0,2079.0,0.0,0.0,0.0,8008.0,0.0,462.0,462.0,21021.0,0.0
2576.0,350.0,56.0,1288.0,378.0,742.0,1008.0,0.0,0.0,14.0,2646.0,84.0,98.0,84.0,4788.0,42.0
54832.0,7450.0,1192.0,27416.0,8046.0,15794.0,21456.0,0.0,0.0,298.0,56322.0,1788.0,2086.0,1788.0,101916.0,894.0
107456.0,14600.0,2336.0,53728.0,15768.0,30952.0,42048.0,0.0,0.0,584.0,110376.0,3504.0,4088.0,3504.0,199728.0,1752.0
26496.0,3600.0,576.0,13248.0,3888.0,7632.0,10368.0,0.0,0.0,144.0,27216.0,864.0,1008.0,864.0,49248.0,432.0
12492.0,180.0,18.0,8694.0,0.0,1728.0,576.0,162.0,0.0,18.0,3474.0,0.0,828.0,216.0,6678.0,18.0
226938.0,3270.0,327.0,157941.0,0.0,31392.0,10464.0,2943.0,0.0,327.0,63111.0,0.0,15042.0,3924.0,121317.0,327.0
1016016.0,14640.0,1464.0,707112.0,0.0,140544.0,46848.0,13176.0,0.0,1464.0,282552.0,0.0,67344.0,17568.0,543144.0,1464.0
148516.0,2140.0,214.0,103362.0,0.0,20544.0,6848.0,1926.0,0.0,214.0,41302.0,0.0,9844.0,2568.0,79394.0,214.0
3528.0,0.0,0.0,990.0,0.0,432.0,171.0,54.0,0.0,9.0,1719.0,0.0,36.0,63.0,2925.0,36.0
144256.0,0.0,0.0,40480.0,0.0,17664.0,6992.0,2208.0,0.0,368.0,70288.0,0.0,1472.0,2576.0,119600.0,1472.0
272048.0,0.0,0.0,76340.0,0.0,33312.0,13186.0,4164.0,0.0,694.0,132554.0,0.0,2776.0,4858.0,225550.0,2776.0
29008.0,0.0,0.0,8140.0,0.0,3552.0,1406.0,444.0,0.0,74.0,14134.0,0.0,296.0,518.0,24050.0,296.0
630.0,0.0,12.0,306.0,0.0,129.0,39.0,0.0,0.0,3.0,198.0,0.0,87.0,24.0,741.0,3.0
64050.0,0.0,1220.0,31110.0,0.0,13115.0,3965.0,0.0,0.0,305.0,20130.0,0.0,8845.0,2440.0,75335.0,305.0
71610.0,0.0,1364.0,34782.0,0.0,14663.0,4433.0,0.0,0.0,341.0,22506.0,0.0,9889.0,2728.0,84227.0,341.0
20790.0,0.0,396.0,10098.0,0.0,4257.0,1287.0,0.0,0.0,99.0,6534.0,0.0,2871.0,792.0,24453.0,99.0
79945.0,885.0,1180.0,32450.0,295.0,21240.0,295.0,590.0,0.0,0.0,12095.0,0.0,1770.0,3540.0,141305.0,0.0
176963.0,1959.0,2612.0,71830.0,653.0,47016.0,653.0,1306.0,0.0,0.0,26773.0,0.0,3918.0,7836.0,312787.0,0.0
24932.0,276.0,368.0,10120.0,92.0,6624.0,92.0,184.0,0.0,0.0,3772.0,0.0,552.0,1104.0,44068.0,0.0
3355.0,0.0,40.0,1970.0,0.0,1165.0,90.0,20.0,10.0,5.0,565.0,0.0,270.0,95.0,1435.0,10.0
580415.0,0.0,6920.0,340810.0,0.0,201545.0,15570.0,3460.0,1730.0,865.0,97745.0,0.0,46710.0,16435.0,248255.0,1730.0
331474.0,0.0,3952.0,194636.0,0.0,115102.0,8892.0,1976.0,988.0,494.0,55822.0,0.0,26676.0,9386.0,141778.0,988.0
421388.0,0.0,5024.0,247432.0,0.0,146324.0,11304.0,2512.0,1256.0,628.0,70964.0,0.0,33912.0,11932.0,180236.0,1256.0
5200.0,0.0,0.0,1560.0,0.0,0.0,0.0,0.0,0.0,0.0,10140.0,0.0,0.0,780.0,13520.0,130.0
120.0,0.0,0.0,36.0,0.0,0.0,0.0,0.0,0.0,0.0,234.0,0.0,0.0,18.0,312.0,3.0
4680.0,0.0,0.0,1404.0,0.0,0.0,0.0,0.0,0.0,0.0,9126.0,0.0,0.0,702.0,12168.0,117.0
3940.0,0.0,140.0,2640.0,0.0,1560.0,360.0,0.0,0.0,20.0,5600.0,0.0,360.0,180.0,6220.0,20.0
85301.0,0.0,3031.0,57156.0,0.0,33774.0,7794.0,0.0,0.0,433.0,121240.0,0.0,7794.0,3897.0,134663.0,433.0
106971.0,0.0,3801.0,71676.0,0.0,42354.0,9774.0,0.0,0.0,543.0,152040.0,0.0,9774.0,4887.0,168873.0,543.0
14184.0,0.0,504.0,9504.0,0.0,5616.0,1296.0,0.0,0.0,72.0,20160.0,0.0,1296.0,648.0,22392.0,72.0
2380.0,10.0,20.0,580.0,0.0,290.0,90.0,0.0,0.0,0.0,210.0,0.0,130.0,40.0,1740.0,0.0
45220.0,190.0,380.0,11020.0,0.0,5510.0,1710.0,0.0,0.0,0.0,3990.0,0.0,2470.0,760.0,33060.0,0.0
63546.0,267.0,534.0,15486.0,0.0,7743.0,2403.0,0.0,0.0,0.0,5607.0,0.0,3471.0,1068.0,46458.0,0.0
25228.0,106.0,212.0,6148.0,0.0,3074.0,954.0,0.0,0.0,0.0,2226.0,0.0,1378.0,424.0,18444.0,0.0
1200.0,45.0,0.0,915.0,0.0,180.0,300.0,15.0,0.0,0.0,825.0,0.0,0.0,75.0,0.0,15.0
15440.0,579.0,0.0,11773.0,0.0,2316.0,3860.0,193.0,0.0,0.0,10615.0,0.0,0.0,965.0,0.0,193.0
3680.0,138.0,0.0,2806.0,0.0,552.0,920.0,46.0,0.0,0.0,2530.0,0.0,0.0,230.0,0.0,46.0
4580.0,0.0,40.0,1750.0,10.0,540.0,270.0,20.0,0.0,0.0,1830.0,10.0,150.0,100.0,1460.0,30.0
220298.0,0.0,1924.0,84175.0,481.0,25974.0,12987.0,962.0,0.0,0.0,88023.0,481.0,7215.0,4810.0,70226.0,1443.0
198772.0,0.0,1736.0,75950.0,434.0,23436.0,11718.0,868.0,0.0,0.0,79422.0,434.0,6510.0,4340.0,63364.0,1302.0
96638.0,0.0,844.0,36925.0,211.0,11394.0,5697.0,422.0,0.0,0.0,38613.0,211.0,3165.0,2110.0,30806.0,633.0
75361.0,1023.0,1023.0,40920.0,0.0,14322.0,6479.0,0.0,0.0,0.0,42284.0,0.0,3410.0,2046.0,97526.0,0.0
94809.0,1287.0,1287.0,51480.0,0.0,18018.0,8151.0,0.0,0.0,0.0,53196.0,0.0,4290.0,2574.0,122694.0,0.0
19006.0,258.0,258.0,10320.0,0.0,3612.0,1634.0,0.0,0.0,0.0,10664.0,0.0,860.0,516.0,24596.0,0.0
3311.0,22.0,33.0,979.0,0.0,253.0,275.0,0.0,0.0,11.0,1529.0,0.0,231.0,99.0,4818.0,11.0
110768.0,736.0,1104.0,32752.0,0.0,8464.0,9200.0,0.0,0.0,368.0,51152.0,0.0,7728.0,3312.0,161184.0,368.0
154413.0,1026.0,1539.0,45657.0,0.0,11799.0,12825.0,0.0,0.0,513.0,71307.0,0.0,10773.0,4617.0,224694.0,513.0
55685.0,370.0,555.0,16465.0,0.0,4255.0,4625.0,0.0,0.0,185.0,25715.0,0.0,3885.0,1665.0,81030.0,185.0
53743.0,0.0,223.0,18732.0,0.0,446.0,4460.0,0.0,0.0,0.0,10258.0,0.0,1115.0,2007.0,71360.0,0.0
73264.0,0.0,304.0,25536.0,0.0,608.0,6080.0,0.0,0.0,0.0,13984.0,0.0,1520.0,2736.0,97280.0,0.0
50610.0,0.0,210.0,17640.0,0.0,420.0,4200.0,0.0,0.0,0.0,9660.0,0.0,1050.0,1890.0,67200.0,0.0
2230.0,10.0,50.0,1070.0,0.0,590.0,130.0,10.0,0.0,10.0,1450.0,0.0,110.0,100.0,2800.0,10.0
101019.0,453.0,2265.0,48471.0,0.0,26727.0,5889.0,453.0,0.0,453.0,65685.0,0.0,4983.0,4530.0,126840.0,453.0
78050.0,350.0,1750.0,37450.0,0.0,20650.0,4550.0,350.0,0.0,350.0,50750.0,0.0,3850.0,3500.0,98000.0,350.0
13380.0,60.0,300.0,6420.0,0.0,3540.0,780.0,60.0,0.0,60.0,8700.0,0.0,660.0,600.0,16800.0,60.0
4215.0,15.0,60.0,2145.0,0.0,150.0,315.0,15.0,0.0,15.0,1095.0,0.0,180.0,270.0,1965.0,30.0
116053.0,413.0,1652.0,59059.0,0.0,4130.0,8673.0,413.0,0.0,413.0,30149.0,0.0,4956.0,7434.0,54103.0,826.0
60696.0,216.0,864.0,30888.0,0.0,2160.0,4536.0,216.0,0.0,216.0,15768.0,0.0,2592.0,3888.0,28296.0,432.0
25571.0,91.0,364.0,13013.0,0.0,910.0,1911.0,91.0,0.0,91.0,6643.0,0.0,1092.0,1638.0,11921.0,182.0
10557.0,0.0,115.0,3795.0,0.0,1288.0,253.0,23.0,0.0,23.0,3680.0,0.0,368.0,322.0,6141.0,23.0
195534.0,0.0,2130.0,70290.0,0.0,23856.0,4686.0,426.0,0.0,426.0,68160.0,0.0,6816.0,5964.0,113742.0,426.0
259335.0,0.0,2825.0,93225.0,0.0,31640.0,6215.0,565.0,0.0,565.0,90400.0,0.0,9040.0,7910.0,150855.0,565.0
74817.0,0.0,815.0,26895.0,0.0,9128.0,1793.0,163.0,0.0,163.0,26080.0,0.0,2608.0,2282.0,43521.0,163.0
78408.0,324.0,1296.0,32724.0,0.0,18792.0,2592.0,324.0,0.0,0.0,51840.0,0.0,3564.0,1296.0,72576.0,324.0
112288.0,464.0,1856.0,46864.0,0.0,26912.0,3712.0,464.0,0.0,0.0,74240.0,0.0,5104.0,1856.0,103936.0,464.0
10648.0,44.0,176.0,4444.0,0.0,2552.0,352.0,44.0,0.0,0.0,7040.0,0.0,484.0,176.0,9856.0,44.0
110544.0,0.0,1128.0,49256.0,0.0,18048.0,7144.0,376.0,0.0,0.0,39104.0,0.0,9776.0,1880.0,101144.0,752.0
142884.0,0.0,1458.0,63666.0,0.0,23328.0,9234.0,486.0,0.0,0.0,50544.0,0.0,12636.0,2430.0,130734.0,972.0
18816.0,0.0,192.0,8384.0,0.0,3072.0,1216.0,64.0,0.0,0.0,6656.0,0.0,1664.0,320.0,17216.0,128.0
4896.0,12.0,72.0,2388.0,0.0,768.0,192.0,12.0,24.0,0.0,1356.0,0.0,384.0,60.0,2592.0,12.0
152184.0,373.0,2238.0,74227.0,0.0,23872.0,5968.0,373.0,746.0,0.0,42149.0,0.0,11936.0,1865.0,80568.0,373.0
213792.0,524.0,3144.0,104276.0,0.0,33536.0,8384.0,524.0,1048.0,0.0,59212.0,0.0,16768.0,2620.0,113184.0,524.0
82008.0,201.0,1206.0,39999.0,0.0,12864.0,3216.0,201.0,402.0,0.0,22713.0,0.0,6432.0,1005.0,43416.0,201.0
5200.0,40.0,80.0,3140.0,0.0,1440.0,460.0,0.0,0.0,0.0,1360.0,0.0,120.0,140.0,4500.0,0.0
100100.0,770.0,1540.0,60445.0,0.0,27720.0,8855.0,0.0,0.0,0.0,26180.0,0.0,2310.0,2695.0,86625.0,0.0
98800.0,760.0,1520.0,59660.0,0.0,27360.0,8740.0,0.0,0.0,0.0,25840.0,0.0,2280.0,2660.0,85500.0,0.0
16900.0,130.0,260.0,10205.0,0.0,4680.0,1495.0,0.0,0.0,0.0,4420.0,0.0,390.0,455.0,14625.0,0.0
340260.0,0.0,1908.0,172992.0,0.0,47064.0,12720.0,3180.0,0.0,0.0,147552.0,0.0,11448.0,9540.0,281748.0,4452.0
256265.0,0.0,1437.0,130288.0,0.0,35446.0,9580.0,2395.0,0.0,0.0,111128.0,0.0,8622.0,7185.0,212197.0,3353.0
370220.0,0.0,2076.0,188224.0,0.0,51208.0,13840.0,3460.0,0.0,0.0,160544.0,0.0,12456.0,10380.0,306556.0,4844.0
129471.0,5253.0,618.0,25338.0,0.0,8343.0,10197.0,0.0,618.0,0.0,1545.0,0.0,12051.0,3090.0,55311.0,309.0
181008.0,7344.0,864.0,35424.0,0.0,11664.0,14256.0,0.0,864.0,0.0,2160.0,0.0,16848.0,4320.0,77328.0,432.0
36872.0,1496.0,176.0,7216.0,0.0,2376.0,2904.0,0.0,176.0,0.0,440.0,0.0,3432.0,880.0,15752.0,88.0
546.0,0.0,6.0,138.0,0.0,99.0,45.0,0.0,0.0,0.0,270.0,0.0,27.0,18.0,951.0,6.0
56602.0,0.0,622.0,14306.0,0.0,10263.0,4665.0,0.0,0.0,0.0,27990.0,0.0,2799.0,1866.0,98587.0,622.0
6188.0,0.0,68.0,1564.0,0.0,1122.0,510.0,0.0,0.0,0.0,3060.0,0.0,306.0,204.0,10778.0,68.0
65884.0,0.0,724.0,16652.0,0.0,11946.0,5430.0,0.0,0.0,0.0,32580.0,0.0,3258.0,2172.0,114754.0,724.0
4927.0,26.0,13.0,2015.0,0.0,416.0,299.0,26.0,0.0,13.0,3562.0,13.0,182.0,143.0,7397.0,78.0
172066.0,908.0,454.0,70370.0,0.0,14528.0,10442.0,908.0,0.0,454.0,124396.0,454.0,6356.0,4994.0,258326.0,2724.0
280081.0,1478.0,739.0,114545.0,0.0,23648.0,16997.0,1478.0,0.0,739.0,202486.0,739.0,10346.0,8129.0,420491.0,4434.0
123175.0,650.0,325.0,50375.0,0.0,10400.0,7475.0,650.0,0.0,325.0,89050.0,325.0,4550.0,3575.0,184925.0,1950.0
50424.0,0.0,264.0,27984.0,528.0,5280.0,264.0,264.0,0.0,0.0,38808.0,1584.0,2112.0,2640.0,58872.0,3696.0
86332.0,0.0,452.0,47912.0,904.0,9040.0,452.0,452.0,0.0,0.0,66444.0,2712.0,3616.0,4520.0,100796.0,6328.0
5539.0,0.0,29.0,3074.0,58.0,580.0,29.0,29.0,0.0,0.0,4263.0,174.0,232.0,290.0,6467.0,406.0
1050.0,42.0,14.0,273.0,0.0,70.0,105.0,0.0,0.0,7.0,378.0,0.0,56.0,84.0,1771.0,7.0
27900.0,1116.0,372.0,7254.0,0.0,1860.0,2790.0,0.0,0.0,186.0,10044.0,0.0,1488.0,2232.0,47058.0,186.0
43950.0,1758.0,586.0,11427.0,0.0,2930.0,4395.0,0.0,0.0,293.0,15822.0,0.0,2344.0,3516.0,74129.0,293.0
10200.0,408.0,136.0,2652.0,0.0,680.0,1020.0,0.0,0.0,68.0,3672.0,0.0,544.0,816.0,17204.0,68.0
4260.0,60.0,105.0,1770.0,0.0,1080.0,150.0,15.0,0.0,15.0,2040.0,0.0,510.0,150.0,3585.0,45.0
121552.0,1712.0,2996.0,50504.0,0.0,30816.0,4280.0,428.0,0.0,428.0,58208.0,0.0,14552.0,4280.0,102292.0,1284.0
124676.0,1756.0,3073.0,51802.0,0.0,31608.0,4390.0,439.0,0.0,439.0,59704.0,0.0,14926.0,4390.0,104921.0,1317.0
19028.0,268.0,469.0,7906.0,0.0,4824.0,670.0,67.0,0.0,67.0,9112.0,0.0,2278.0,670.0,16013.0,201.0
3078.0,38.0,57.0,893.0,0.0,133.0,152.0,0.0,0.0,19.0,513.0,0.0,57.0,114.0,0.0,0.0
36936.0,456.0,684.0,10716.0,0.0,1596.0,1824.0,0.0,0.0,228.0,6156.0,0.0,684.0,1368.0,0.0,0.0
648.0,8.0,12.0,188.0,0.0,28.0,32.0,0.0,0.0,4.0,108.0,0.0,12.0,24.0,0.0,0.0
2430.0,30.0,45.0,705.0,0.0,105.0,120.0,0.0,0.0,15.0,405.0,0.0,45.0,90.0,0.0,0.0
4800.0,20.0,60.0,1520.0,0.0,1440.0,240.0,0.0,0.0,20.0,1580.0,0.0,200.0,200.0,9640.0,40.0
83760.0,349.0,1047.0,26524.0,0.0,25128.0,4188.0,0.0,0.0,349.0,27571.0,0.0,3490.0,3490.0,168218.0,698.0
139680.0,582.0,1746.0,44232.0,0.0,41904.0,6984.0,0.0,0.0,582.0,45978.0,0.0,5820.0,5820.0,280524.0,1164.0
11760.0,49.0,147.0,3724.0,0.0,3528.0,588.0,0.0,0.0,49.0,3871.0,0.0,490.0,490.0,23618.0,98.0
1533.0,21.0,63.0,2121.0,0.0,105.0,504.0,0.0,0.0,21.0,84.0,0.0,147.0,147.0,0.0,21.0
14600.0,200.0,600.0,20200.0,0.0,1000.0,4800.0,0.0,0.0,200.0,800.0,0.0,1400.0,1400.0,0.0,200.0
803.0,11.0,33.0,1111.0,0.0,55.0,264.0,0.0,0.0,11.0,44.0,0.0,77.0,77.0,0.0,11.0
